Feature,Importance
sus,0.6443593793751811
NumberOfAnswers,0.32980295593069264
DnsResponseCode,0.025837664694126315
DnsOpCode,0.0
