Feature,Importance
evil,0.5706480457566375
NumberOfAnswers,0.3528595441142407
DnsResponseCode,0.07649241012912186
DnsOpCode,0.0
